{"cameraMode":{"drawMode":0,"name":"Shaded","section":"Shading Mode"},"sceneLighting":true,"audioPlay":false,"sceneViewState":{"showFog":true,"showMaterialUpdate":false,"showSkybox":true,"showFlares":true,"showImageEffects":true,"showParticleSystems":true},"in2DMode":false,"pivot":{"x":549.8287353515625,"y":0.673675537109375,"z":-228.24032592773438},"rotation":{"x":0.0016468624817207456,"y":0.9860221743583679,"z":-0.16632483899593354,"w":0.009763105772435665},"size":472.9664306640625,"orthographic":false}